<?xml version="1.0" encoding="utf-8" ?>
<manifest>
  <control namespace="NAMESPACENAME" constructor="CONTROLNAME" version="0.0.1" display-name-key="CONTROLNAME" description-key="CONTROLNAME description" control-type="standard">
    
    <!--external-service-usage node declares whether this 3rd party PCF control is using external service or not, if yes, this control will be considered as premium and please also add the external domain it is using.
    If it is not using any external service, please set the enabled="false" and DO NOT add any domain below. The "enabled" will be false by default.
    Example1:
      <external-service-usage enabled="true">
        <domain>www.Microsoft.com</domain>
      </external-service-usage>
    Example2:
      <external-service-usage enabled="false">
      </external-service-usage>
    -->
    <external-service-usage enabled="false">
      <!--UNCOMMENT TO ADD EXTERNAL DOMAINS
      <domain></domain>
      <domain></domain>
      -->
    </external-service-usage>
    
    <!-- type-group node declares groups of types that can be used to allow a paramater to be any of those listed. -->
    <type-group name="strings">
      <type>SingleLine.Text</type>
      <type>SingleLine.Email</type>
      <type>SingleLine.Phone</type>
      <type>SingleLine.TextArea</type>
      <type>SingleLine.Ticker</type>
      <type>SingleLine.URL</type>
      <type>Multiple</type>
    </type-group>
    <type-group name="dates">
      <type>DateAndTime.DateAndTime</type>
      <type>DateAndTime.DateOnly</type>
    </type-group>
    <type-group name="numbers">
        <type>Whole.None</type>
        <type>Currency</type>
        <type>FP</type>
        <type>Decimal</type>
    </type-group>
    <!-- dataset node represents a set of entity records on CDS; allow more than one datasets 
        Note: the cds-data-set-options allows you to set what OOB features the control will have within the form.
     -->
    <data-set name="dataset" display-name-key="Dataset_Label" cds-data-set-options="displayCommandBar:true;displayViewSelector:true;displayQuickFind:true">
      <property-set name="TEXTPARAMETERSET" display-name-key="Property_Display_Key_TEXTPARAMETERSET" description-key="Property_Desc_Key_TEXTPARAMETERSET" of-type="SingleLine.Text" usage="bound" required="false" />
      <property-set name="DATEPARAMETERSET" display-name-key="Property_Display_Key_DATEPARAMETERSET" description-key="Property_Desc_Key_DATEPARAMETERSET" of-type-group="dates" usage="bound" required="false" />
    </data-set>
    <property name="TEXTPARAMETER" display-name-key="Property_Display_Key_TEXTPARAMETER" description-key="Property_Desc_Key_TEXTPARAMETER" of-type="SingleLine.Text" usage="input" required="true" />
    <property name="ENUMPARAMETER" display-name-key="Property_Display_Key_ENUMPARAMETER" description-key="Property_Desc_Key_ENUMPARAMETER" of-type="Enum" usage="input" required="false" >
      <value name="OPTION1" display-name-key="Value_Display_Key_OPTION1" description-key="Value_Desc_Key_OPTION1">OPTION1</value>
      <value name="OPTION2" display-name-key="Value_Display_Key_OPTION2" description-key="Value_Desc_Key_OPTION2">OPTION2</value>
    </property>

    <resources>
      <code path="index.ts" order="1"/>
      <css path="css/control.css" order="1" />
      <!-- <resx path="strings/control.1033.resx" version="1.0.0" />-->
    </resources>
    <feature-usage>
      <!-- 
      UNCOMMENT TO ENABLE THE SPECIFIED API  
      <uses-feature name="Device.captureAudio" required="true" />
      <uses-feature name="Device.captureImage" required="true" />
      <uses-feature name="Device.captureVideo" required="true" />
      <uses-feature name="Device.getBarcodeValue" required="true" />
      <uses-feature name="Device.getCurrentPosition" required="true" />
      <uses-feature name="Device.pickFile" required="true" /> 
      -->
      <uses-feature name="Utility" required="true" />
      <uses-feature name="WebAPI" required="true" />
    </feature-usage>
  </control>
</manifest>