{
  "plugins": [
    {
      "profile": "default,debug",
      "assemblypath": "bin\\Debug\\net471",
      "solution": "SOLUTIONNAME"
    },
    {
      "profile": "release,release",
      "assemblypath": "bin\\Release\\net471",
      "solution": "SOLUTIONNAME"
    }
  ],
  "earlyboundtypes": [
    {
      "entities": "account,contact",
      "actions": "",
      "generateOptionsetEnums": "true",
      "generateStateEnums": "true",
      "generateGlobalOptionsets": true,
      "filename": "generated\\EarlyBoundTypes.cs",
      "oneTypePerFile": false,
      "classNamespace": "SOLUTIONNAME",
      "serviceContextName": "XrmSvc"
    }
  ]
}